Date,Open,High,Low,Close,Daily Pct Return
2020-01-02,145.2899932861328,148.1999969482422,145.10000610351562,148.1999969482422,2.468361989147616
2020-01-03,146.39999389648438,147.89999389648438,146.0500030517578,146.5,-1.1470964799249583
2020-01-06,145.5399932861328,146.02999877929688,144.30999755859375,145.64999389648438,-0.580208944379268
2020-01-07,145.99000549316406,146.8699951171875,145.4199981689453,145.6999969482422,0.03433096728679974
2020-01-08,145.49000549316406,146.1300048828125,144.82000732421875,145.39999389648438,-0.20590463832637074
2020-01-09,146.47000122070312,146.6300048828125,144.61000061035156,144.8300018310547,-0.3920165676454479
2020-01-10,145.3000030517578,145.5,144.25999450683594,144.6199951171875,-0.14500221722855144
2020-01-13,144.75,144.75,143.36000061035156,143.8800048828125,-0.5116790619273504
2020-01-14,143.41000366210938,146.72000122070312,142.2899932861328,145.1999969482422,0.9174256468122755
2020-01-15,145.7100067138672,145.7100067138672,143.92999267578125,144.32000732421875,-0.6060534728090317
2020-01-16,145.08999633789062,145.42999267578125,144.44000244140625,145.1199951171875,0.5543152386152217
2020-01-17,145.5399932861328,145.63999938964844,144.00999450683594,144.3300018310547,-0.5443724591465693
2020-01-21,144.24000549316406,144.58999633789062,143.00999450683594,143.55999755859375,-0.5335025723634867
2020-01-22,144.4499969482422,144.7899932861328,143.5399932861328,144.00999450683594,0.31345566724361174
2020-01-23,143.60000610351562,143.61000061035156,140.64999389648438,142.1999969482422,-1.2568555153356642
2020-01-24,141.39999389648438,142.25,139.1999969482422,140.0800018310547,-1.4908545447853472
2020-01-27,135.86000061035156,137.72999572753906,135.0,135.89999389648438,-2.9840147629435876
2020-01-28,136.5,138.92999267578125,135.86000061035156,138.3699951171875,1.8175138569796578
2020-01-29,138.60000610351562,138.67999267578125,135.7899932861328,136.05999755859375,-1.6694353112012283
2020-01-30,135.08999633789062,137.85000610351562,134.8300018310547,137.80999755859375,1.2861972889911089
2020-01-31,138.39999389648438,138.6699981689453,137.05999755859375,138.30999755859375,0.3628183795500117
2020-02-03,139.7899932861328,141.82000732421875,139.75,141.32000732421875,2.1762777953559187
2020-02-04,145.49000549316406,145.58999633789062,143.25,144.72999572753906,2.4129551560927
2020-02-05,146.60000610351562,147.3000030517578,138.57000732421875,141.3699951171875,-2.3215647823806473
2020-02-06,141.9199981689453,143.9499969482422,141.22000122070312,142.6999969482422,0.9407949897375367
2020-02-07,141.88999938964844,141.99000549316406,140.1199951171875,141.02000427246094,-1.1772899171053175
2020-02-10,141.02999877929688,142.58999633789062,140.4600067138672,142.58999633789062,1.1133115996765586
2020-02-11,142.85000610351562,142.99000549316406,140.4600067138672,141.00999450683594,-1.1080734074153553
2020-02-12,141.33999633789062,142.22000122070312,140.8699951171875,141.85000610351562,0.5957106796702805
2020-02-13,141.1699981689453,141.89999389648438,140.82000732421875,140.89999389648438,-0.6697301136088574
2020-02-14,141.10000610351562,141.27999877929688,139.1300048828125,139.5399932861328,-0.9652240378028143
2020-02-18,139.02000427246094,139.66000366210938,138.10000610351562,139.13999938964844,-0.28665179570718236
2020-02-19,139.6300048828125,141.8699951171875,139.22999572753906,141.3000030517578,1.552395911732396
2020-02-20,141.6300048828125,141.6300048828125,138.85000610351562,140.3699951171875,-0.6581796988565203
2020-02-21,139.86000061035156,139.8800048828125,138.5800018310547,138.97000122070312,-0.9973597956711377
2020-02-24,132.89999389648438,134.44000244140625,131.2100067138672,133.00999450683594,-4.288700195376616
2020-02-25,133.75,133.94000244140625,127.9800033569336,128.19000244140625,-3.6237818694007773
2020-02-26,126.12000274658203,128.3699951171875,122.12999725341797,123.36000061035156,-3.7678459622952354
2020-02-27,119.80999755859375,122.9000015258789,117.91999816894531,118.04000091552734,-4.312580794830023
2020-02-28,114.51000213623047,118.30999755859375,113.20999908447266,117.6500015258789,-0.33039595613654216
2020-03-02,119.12999725341797,119.9800033569336,116.02999877929688,119.9800033569336,1.9804520194095954
2020-03-03,121.1500015258789,121.77999877929688,115.1500015258789,116.44999694824219,-2.9421622853183615
2020-03-04,118.95999908447266,119.23999786376953,115.4800033569336,119.18000030517578,2.344356744077025
2020-03-05,116.86000061035156,116.95999908447266,112.11000061035156,113.9800033569336,-4.363145607423158
2020-03-06,110.76000213623047,115.87000274658203,110.31999969482422,115.2699966430664,1.1317715811019369
2020-03-09,108.69000244140625,110.43000030517578,104.27999877929688,104.3499984741211,-9.473408941581818
2020-03-10,108.0999984741211,111.58000183105469,102.43000030517578,111.45999908447266,6.813608734373733
2020-03-11,108.41999816894531,108.9000015258789,102.86000061035156,105.51000213623047,-5.3382352387539855
2020-03-12,97.62000274658203,100.0,91.63999938964844,91.80999755859375,-12.984555303058187
2020-03-13,100.77999877929688,102.87000274658203,92.25,102.5199966430664,11.665395239377352
2020-03-16,91.80000305175781,98.27999877929688,90.0,95.01000213623047,-7.3253948036915535
2020-03-17,95.80000305175781,97.45999908447266,91.1500015258789,93.52999877929688,-1.5577342634004787
2020-03-18,87.58999633789062,89.33999633789062,79.06999969482422,88.80000305175781,-5.057196396100094
2020-03-19,88.0,97.4000015258789,85.11000061035156,94.93000030517578,6.903149822917287
2020-03-20,95.98999786376953,96.98999786376953,85.83999633789062,85.9800033569336,-9.427996333582877
2020-03-23,84.48999786376953,87.27999877929688,81.08999633789062,85.76000213623047,-0.25587486870618514
2020-03-24,92.33000183105469,99.16999816894531,91.80000305175781,98.12000274658203,14.41231378553094
2020-03-25,100.66000366210938,105.91999816894531,95.51000213623047,100.7300033569336,2.660008700868577
2020-03-26,100.83000183105469,107.7300033569336,100.80000305175781,105.36000061035156,4.596443064745781
2020-03-27,100.44999694824219,101.48999786376953,95.54000091552734,96.4000015258789,-8.504175239718382
2020-03-30,96.0,100.45999908447266,92.0999984741211,99.80000305175781,3.526972481391688
2020-03-31,100.22000122070312,103.16000366210938,96.16000366210938,96.5999984741211,-3.2064173144134567
2020-04-01,93.5,97.4000015258789,92.55999755859375,94.91999816894531,-1.7391307781706167
2020-04-02,94.19999694824219,97.26000213623047,94.19999694824219,96.97000122070312,2.1597166996453865
2020-04-03,96.30999755859375,96.91999816894531,92.70999908447266,93.87999725341797,-3.1865565931594952
2020-04-06,97.26000213623047,100.19000244140625,94.5199966430664,99.58000183105469,6.071585795055179
2020-04-07,104.86000061035156,105.88999938964844,100.25,101.23999786376953,1.6669973912343927
2020-04-08,100.52999877929688,102.3499984741211,98.6500015258789,101.06999969482422,-0.16791601395929057
2020-04-09,107.91999816894531,107.98999786376953,103.52999877929688,104.5,3.3936878554788663
2020-04-13,104.70999908447266,104.87000274658203,99.61000061035156,103.5,-0.9569377990430672
2020-04-14,105.5,107.63999938964844,103.9000015258789,106.02999877929688,2.4444432650211345
2020-04-15,104.38999938964844,104.87999725341797,102.69999694824219,103.37000274658203,-2.5087202332725322
2020-04-16,103.52999877929688,103.72000122070312,100.88999938964844,102.0199966430664,-1.3059940675683723
2020-04-17,106.20999908447266,106.79000091552734,104.3499984741211,106.62999725341797,4.518722566204736
2020-04-20,103.58000183105469,104.86000061035156,102.0,102.26000213623047,-4.098279311404019
2020-04-21,100.01000213623047,101.51000213623047,99.12999725341797,100.54000091552734,-1.6819882503148587
2020-04-22,101.80000305175781,102.62999725341797,100.88999938964844,100.98999786376953,0.4475800120792517
2020-04-23,100.6500015258789,102.52999877929688,99.45999908447266,101.0,0.009904085990730671
2020-04-24,101.77999877929688,101.91999816894531,99.5199966430664,101.19000244140625,0.18812122911509022
2020-04-27,102.0,106.5199966430664,101.61000061035156,106.05999755859375,4.812723588980505
2020-04-28,108.79000091552734,110.05999755859375,105.9800033569336,106.20999908447266,0.14143082154611797
2020-04-29,109.94000244140625,112.69999694824219,108.55999755859375,112.25,5.686847723935595
2020-04-30,109.44000244140625,110.30999755859375,106.86000061035156,108.1500015258789,-3.652559887858431
2020-05-01,106.36000061035156,106.91000366210938,104.47000122070312,105.5,-2.4503018848731073
2020-05-04,102.01000213623047,103.83000183105469,100.55000305175781,103.18000030517578,-2.1990518434352735
2020-05-05,101.51000213623047,105.18000030517578,100.9000015258789,101.05999755859375,-2.054664412009777
2020-05-06,101.4800033569336,105.2699966430664,98.86000061035156,100.87999725341797,-0.17811231894342416
2020-05-07,101.8499984741211,105.61000061035156,101.83000183105469,105.56999969482422,4.649090572063175
2020-05-08,109.05000305175781,109.18000030517578,106.62999725341797,109.16000366210938,3.400591055851976
2020-05-11,108.4000015258789,108.80999755859375,106.41000366210938,107.7699966430664,-1.2733665925347082
2020-05-12,109.05999755859375,109.44000244140625,104.48999786376953,104.55999755859375,-2.978564706746867
2020-05-13,104.5,104.54000091552734,101.5999984741211,102.91999816894531,-1.5684768821168094
2020-05-14,101.9800033569336,105.91999816894531,99.66000366210938,105.91000366210938,2.905174452350745
2020-05-15,104.9800033569336,109.37999725341797,104.2699966430664,109.05000305175781,2.9647807393776926
2020-05-18,114.47000122070312,119.77999877929688,114.47000122070312,116.8499984741211,7.152677857937539
2020-05-19,115.0999984741211,116.47000122070312,113.41999816894531,114.37000274658203,-2.12237548987928
2020-05-20,116.41999816894531,120.87000274658203,116.04000091552734,119.91999816894531,4.8526670360066415
2020-05-21,119.33999633789062,120.30000305175781,116.5,117.83000183105469,-1.7428255251857205
2020-05-22,117.5,118.56999969482422,116.83000183105469,118.0199966430664,0.16124485195556648
2020-05-26,121.05000305175781,122.51000213623047,120.43000030517578,120.94999694824219,2.482630391896312
2020-05-27,123.68000030517578,123.77999877929688,119.70999908447266,121.52999877929688,0.47953852475324243
2020-05-28,121.5999984741211,121.9800033569336,116.0,116.75,-3.9331842568167352
2020-05-29,116.19000244140625,117.75,114.12000274658203,117.30000305175781,0.4710946910131186
2020-06-01,117.26000213623047,119.6500015258789,116.93000030517578,118.7699966430664,1.253191434837353
2020-06-02,119.0,119.8499984741211,117.83000183105469,118.75,-0.016836443236167842
2020-06-03,119.98999786376953,122.44999694824219,119.31999969482422,122.18000030517578,2.8884213096217026
2020-06-04,121.94999694824219,124.5,121.8499984741211,123.69000244140625,1.235883231673629
2020-06-05,126.30999755859375,127.81999969482422,124.27999877929688,124.81999969482422,0.9135720196571828
2020-06-08,125.0999984741211,127.44000244140625,123.94000244140625,127.27999877929688,1.97083727807017
2020-06-09,125.62999725341797,125.79000091552734,123.51000213623047,123.88999938964844,-2.6634187791961583
2020-06-10,124.0199966430664,124.0999984741211,120.93000030517578,122.18000030517578,-1.3802559471281506
2020-06-11,117.5999984741211,118.0,112.25,112.63999938964844,-7.8081526368462555
2020-06-12,115.16999816894531,117.0,112.88999938964844,115.48999786376953,2.530183318149959
2020-06-15,112.08000183105469,118.12000274658203,111.70999908447266,117.08000183105469,1.3767460357568817
2020-06-16,121.23999786376953,121.5,116.05000305175781,118.44000244140625,1.1615994098753246
2020-06-17,118.63999938964844,119.2300033569336,117.13999938964844,117.6500015258789,-0.667005149647959
2020-06-18,116.87999725341797,118.52999877929688,115.93000030517578,118.37000274658203,0.6119857300169729
2020-06-19,119.9800033569336,120.12000274658203,114.3499984741211,114.3499984741211,-3.3961343069893735
2020-06-22,114.19000244140625,116.19000244140625,113.11000061035156,115.91999816894531,1.3729774514859683
2020-06-23,116.95999908447266,117.44999694824219,115.97000122070312,116.58999633789062,0.5779832466602075
2020-06-24,115.8499984741211,116.0,110.02999877929688,112.06999969482422,-3.8768305901365374
2020-06-25,108.98999786376953,111.51000213623047,108.5,111.36000061035156,-0.63353179834571
2020-06-26,110.94999694824219,111.19999694824219,108.0199966430664,109.0999984741211,-2.0294559301756943
2020-06-29,109.0,111.56999969482422,108.0999984741211,111.5199966430664,2.2181468403222215
2020-06-30,111.5,112.05000305175781,109.93000030517578,111.51000213623047,-0.008962075983487416
2020-07-01,112.81999969482422,115.5999984741211,112.29000091552734,113.01000213623047,1.3451708109264215
2020-07-02,115.0,115.0999984741211,112.0,112.18000030517578,-0.7344498852890458
2020-07-06,113.83000183105469,114.52999877929688,112.9000015258789,114.43000030517578,2.005705111320255
2020-07-07,113.62999725341797,115.08000183105469,112.61000061035156,113.62999725341797,-0.6991200293841371
2020-07-08,113.4800033569336,117.12999725341797,112.80999755859375,116.66000366210938,2.6665550311806063
2020-07-09,116.51000213623047,117.8499984741211,115.37999725341797,116.80999755859375,0.1285735400101684
2020-07-10,116.83000183105469,119.44000244140625,116.20999908447266,119.33999633789062,2.1659094531080614
2020-07-13,119.94000244140625,120.12999725341797,115.88999938964844,116.22000122070312,-2.6143750736792093
2020-07-14,115.2300033569336,119.08000183105469,114.54000091552734,118.66000366210938,2.099468607621735
2020-07-15,121.62999725341797,122.08999633789062,119.69999694824219,120.9000015258789,1.8877446440571877
2020-07-16,117.72000122070312,119.98999786376953,117.5999984741211,119.43000030517578,-1.2158818876346067
2020-07-17,118.9000015258789,119.55999755859375,117.05999755859375,118.6500015258789,-0.6531012118427215
2020-07-20,118.05000305175781,118.48999786376953,116.81999969482422,117.79000091552734,-0.7248214069040637
2020-07-21,118.05000305175781,120.38999938964844,117.66000366210938,118.62000274658203,0.7046454067437535
2020-07-22,118.19000244140625,119.30000305175781,117.93000030517578,119.02999877929688,0.34563819189141753
2020-07-23,118.86000061035156,119.3499984741211,117.01000213623047,118.12000274658203,-0.7645098227734515
2020-07-24,115.69999694824219,118.20999908447266,115.52999877929688,117.61000061035156,-0.4317661059699107
2020-07-27,117.19999694824219,117.41999816894531,115.68000030517578,116.30999755859375,-1.105350773753322
2020-07-28,115.45999908447266,116.83999633789062,114.68000030517578,116.18000030517578,-0.11176791002207587
2020-07-29,116.22000122070312,116.70999908447266,115.11000061035156,115.61000061035156,-0.49061774257787016
2020-07-30,114.91000366210938,116.29000091552734,113.37000274658203,115.66000366210938,0.04325149337758294
2020-07-31,115.22000122070312,117.05000305175781,114.12000274658203,116.94000244140625,1.1066909378943723
2020-08-03,116.16999816894531,117.12000274658203,115.3499984741211,116.3499984741211,-0.5045356208033147
2020-08-04,115.95999908447266,118.3499984741211,115.76000213623047,117.29000091552734,0.8079092855470371
2020-08-05,123.37000274658203,130.30999755859375,123.27999877929688,127.61000061035156,8.798703737973979
2020-08-06,126.95999908447266,131.6300048828125,125.61000061035156,130.82000732421875,2.5154820927152377
2020-08-07,130.22000122070312,131.94000244140625,128.66000366210938,129.92999267578125,-0.6803352687725583
2020-08-10,129.75,131.32000732421875,128.49000549316406,128.7899932861328,-0.8773951003700264
2020-08-11,130.52999877929688,132.75999450683594,130.0,130.49000549316406,1.3199878062376547
2020-08-12,130.6699981689453,133.0,130.49000549316406,131.7899932861328,0.9962355262808531
2020-08-13,130.63999938964844,132.35000610351562,130.4499969482422,130.9600067138672,-0.6297796604812111
2020-08-14,130.00999450683594,131.0800018310547,129.74000549316406,130.52999877929688,-0.32835057462224926
2020-08-17,130.10000610351562,130.13999938964844,128.5399932861328,129.3699951171875,-0.8886874074600537
2020-08-18,129.44000244140625,129.58999633789062,128.36000061035156,128.9199981689453,-0.34783718422077836
2020-08-19,129.25,130.22000122070312,127.43000030517578,127.7699966430664,-0.8920272589298839
2020-08-20,126.80000305175781,128.4499969482422,126.52999877929688,128.1199951171875,0.273928530419254
2020-08-21,127.72000122070312,128.30999755859375,127.2300033569336,127.44000244140625,-0.5307467231475349
2020-08-24,128.14999389648438,130.8800048828125,127.93000030517578,130.69000244140625,2.5502196623813367
2020-08-25,130.8300018310547,131.08999633789062,129.30999755859375,129.7899932861328,-0.6886595290079289
2020-08-26,130.0,132.60000610351562,129.52000427246094,132.17999267578125,1.8414357911087142
2020-08-27,133.0,136.36000061035156,132.82000732421875,133.72999572753906,1.172645738874989
2020-08-28,134.5,136.8000030517578,133.5800018310547,135.5399932861328,1.3534716342034736
2020-08-31,135.25,135.5399932861328,131.25,131.8699951171875,-2.707686550638777
2020-09-01,131.9199981689453,133.61000061035156,130.88999938964844,133.5500030517578,1.2739880160588246
2020-09-02,133.6300048828125,135.9199981689453,133.25999450683594,135.38999938964844,1.3777583645411928
2020-09-03,135.24000549316406,137.24000549316406,132.02000427246094,133.24000549316406,-1.5880005215870852
2020-09-04,133.75,134.8800048828125,129.4199981689453,131.99000549316406,-0.9381566710188527
2020-09-08,131.99000549316406,137.13999938964844,130.86000061035156,134.1999969482422,1.6743627267994832
2020-09-09,134.27999877929688,135.5500030517578,132.25999450683594,133.36000061035156,-0.6259287309928863
2020-09-10,133.5800018310547,136.75,132.74000549316406,133.22000122070312,-0.10497854604656354
2020-09-11,133.74000549316406,133.74000549316406,131.08999633789062,131.75,-1.1034388284292262
2020-09-14,132.52999877929688,132.92999267578125,130.89999389648438,131.25,-0.3795066413662229
2020-09-15,131.4600067138672,132.5399932861328,131.00999450683594,131.24000549316406,-0.007614862351190688
2020-09-16,132.1699981689453,133.6199951171875,131.39999389648438,132.08999633789062,0.6476613906960305
2020-09-17,130.5500030517578,131.77000427246094,128.60000610351562,130.22000122070312,-1.4156977583707375
2020-09-18,129.5,130.7899932861328,128.1199951171875,128.6300048828125,-1.2210077737565217
2020-09-21,125.9800033569336,126.88999938964844,123.58999633789062,125.41000366210938,-2.5033049043546973
2020-09-22,125.26000213623047,127.47000122070312,124.69999694824219,127.20999908447266,1.4352885493991163
2020-09-23,127.06999969482422,127.30000305175781,122.9000015258789,123.27999877929688,-3.0893800278750883
2020-09-24,121.93000030517578,123.80000305175781,120.77999877929688,122.48999786376953,-0.6408183998619643
2020-09-25,121.36000061035156,124.19000244140625,120.9800033569336,124.0,1.2327554596823997
2020-09-28,125.75,126.86000061035156,125.37000274658203,125.98999786376953,1.604836986910918
2020-09-29,125.91999816894531,126.29000091552734,123.68000030517578,125.4000015258789,-0.46828823549038834
2020-09-30,123.23999786376953,125.55000305175781,123.23999786376953,124.08000183105469,-1.0526313227769868
2020-10-01,124.94000244140625,125.47000122070312,122.41999816894531,123.30999755859375,-0.6205708100402552
2020-10-02,121.98999786376953,123.68000030517578,121.69000244140625,122.55000305175781,-0.616328377165698
2020-10-05,123.26000213623047,123.5999984741211,122.33000183105469,123.37000274658203,0.6691143813990053
2020-10-06,123.12999725341797,124.19000244140625,120.61000061035156,120.93000030517578,-1.977792321540539
2020-10-07,121.94999694824219,123.30999755859375,120.93000030517578,122.91000366210938,1.637313612781699
2020-10-08,123.58000183105469,123.75,122.41999816894531,123.08999633789062,0.14644265756924568
2020-10-09,123.8499984741211,125.55000305175781,123.33000183105469,124.9800033569336,1.535467605226648
2020-10-12,124.9000015258789,125.94000244140625,123.7300033569336,124.97000122070312,-0.008002989247735126
2020-10-13,129.8000030517578,131.36000061035156,127.9000015258789,128.9600067138672,3.1927706283026325
2020-10-14,129.13999938964844,129.5,125.29000091552734,126.58999633789062,-1.8377871065368923
2020-10-15,125.0,127.4000015258789,124.43000030517578,127.36000061035156,0.6082662885980916
2020-10-16,127.80999755859375,128.1199951171875,126.33000183105469,126.80999755859375,-0.43184912776540463
2020-10-19,127.37000274658203,127.4000015258789,123.70999908447266,124.2300033569336,-2.0345353294940693
2020-10-20,124.58000183105469,125.7300033569336,123.63999938964844,124.94999694824219,0.5795649777452949
2020-10-21,124.36000061035156,127.55999755859375,123.83999633789062,126.62999725341797,1.3445380922031402
2020-10-22,126.66999816894531,128.10000610351562,125.97000122070312,127.55999755859375,0.7344233794103427
2020-10-23,128.10000610351562,128.5,126.3499984741211,128.35000610351562,0.6193231107259889
2020-10-26,127.11000061035156,127.11000061035156,122.94999694824219,124.05999755859375,-3.3424295605112286
2020-10-27,124.02999877929688,124.61000061035156,123.02999877929688,123.30999755859375,-0.6045461992257195
2020-10-28,121.01000213623047,121.52999877929688,118.31999969482422,118.47000122070312,-3.9250640124218528
2020-10-29,118.16000366210938,122.62999725341797,117.2300033569336,121.54000091552734,2.591373059163704
2020-10-30,120.63999938964844,121.75,119.08999633789062,121.25,-0.23860532610074925
2020-11-02,122.23999786376953,122.93000030517578,119.80999755859375,120.12999725341797,-0.9237136054284778
2020-11-03,121.61000061035156,125.06999969482422,121.37000274658203,124.0199966430664,3.23815822740956
2020-11-04,123.58000183105469,126.86000061035156,123.41000366210938,125.06999969482422,0.8466401227051668
2020-11-05,126.77999877929688,128.6199951171875,125.80000305175781,126.95999908447266,1.5111532695771368
2020-11-06,126.26000213623047,128.0399932861328,124.61000061035156,127.45999908447266,0.39382482955701015
2020-11-09,140.25999450683594,147.67999267578125,138.07000732421875,142.58999633789062,11.870388641216568
2020-11-10,139.97000122070312,142.3699951171875,137.6699981689453,142.11000061035156,-0.33662650947940964
2020-11-11,141.47000122070312,142.0,136.6199951171875,137.82000732421875,-3.0187835252322937
2020-11-12,136.33999633789062,138.49000549316406,134.10000610351562,135.52000427246094,-1.6688455445711181
2020-11-13,140.89999389648438,141.19000244140625,136.52000427246094,138.36000061035156,2.0956288727536077
2020-11-16,141.57000732421875,144.74000549316406,141.57000732421875,144.6699981689453,4.560564853106586
2020-11-17,144.39999389648438,144.8300018310547,142.55999755859375,144.5,-0.11750754897140725
2020-11-18,144.5,145.47999572753906,143.35000610351562,143.89999389648438,-0.4152291373810568
2020-11-19,142.57000732421875,143.3000030517578,141.6999969482422,141.72000122070312,-1.514935905660597
2020-11-20,141.7100067138672,142.61000061035156,140.86000061035156,141.07000732421875,-0.4586465501592363
2020-11-23,142.4499969482422,147.75,141.6999969482422,145.97999572753906,3.480533173884215
2020-11-24,148.16000366210938,151.86000061035156,147.85000610351562,151.49000549316406,3.774496456287779
2020-11-25,150.27000427246094,150.27000427246094,147.24000549316406,149.08999633789062,-1.5842689736926152
2020-11-27,149.0,150.35000610351562,146.52999877929688,147.1300048828125,-1.3146364633587426
2020-11-30,147.05999755859375,148.69000244140625,146.2899932861328,148.00999450683594,0.5981034424109133
2020-12-01,149.57000732421875,151.39999389648438,149.0,149.44000244140625,0.9661563324389277
2020-12-02,149.49000549316406,154.00999450683594,148.33999633789062,153.61000061035156,2.790416288021902
2020-12-03,153.4499969482422,154.44000244140625,152.1300048828125,153.24000549316406,-0.24086655537879365
2020-12-04,153.69000244140625,154.67999267578125,152.80999755859375,154.13999938964844,0.5873100131966069
2020-12-07,153.17999267578125,153.8800048828125,152.25999450683594,153.67999267578125,-0.29843435557849185
2020-12-08,152.4199981689453,154.8800048828125,152.25,153.72000122070312,0.02603367180415983
2020-12-09,156.2899932861328,157.4600067138672,153.88999938964844,154.42999267578125,0.4618731781421026
2020-12-10,153.32000732421875,155.33999633789062,152.5,154.69000244140625,0.16836740138352901
2020-12-11,169.67999267578125,179.4499969482422,165.3300018310547,175.72000122070312,13.59493079539038
2020-12-14,173.8000030517578,177.3000030517578,168.80999755859375,169.3000030517578,-3.653538654875055
2020-12-15,170.49000549316406,174.47000122070312,167.82000732421875,173.94000244140625,2.7406965776781034
2020-12-16,173.99000549316406,174.85000610351562,171.6199951171875,173.1199951171875,-0.47143113298218076
2020-12-17,173.82000732421875,174.83999633789062,171.9600067138672,173.5500030517578,0.24838721505233696
2020-12-18,173.60000610351562,175.83999633789062,172.27999877929688,172.88999938964844,-0.38029596687044753
2020-12-21,170.08999633789062,171.94000244140625,168.19000244140625,170.69000244140625,-1.2724836346861057
2020-12-22,170.0,171.4499969482422,169.16000366210938,170.4499969482422,-0.14060899275366578
2020-12-23,172.9600067138672,175.9499969482422,172.3000030517578,173.5500030517578,1.8187187791249837
2020-12-24,173.99000549316406,174.5800018310547,172.3800048828125,173.72999572753906,0.10371228615164707
2020-12-28,175.75,179.9199981689453,175.0500030517578,178.86000061035156,2.9528607661154282
2020-12-29,180.00999450683594,180.1999969482422,176.22000122070312,177.3000030517578,-0.872189172129223
2020-12-30,178.5,183.39999389648438,178.3699951171875,181.1699981689453,2.182738325197753
2020-12-31,181.22000122070312,183.39999389648438,180.27000427246094,181.17999267578125,0.005516645657088759
2021-01-04,182.25999450683594,182.58999633789062,174.72999572753906,177.67999267578125,-1.9317806278219662
2021-01-05,176.1999969482422,180.33999633789062,176.1999969482422,178.44000244140625,0.4277407682089507
2021-01-06,178.32000732421875,181.61000061035156,177.27999877929688,179.1199951171875,0.3810763654324312
2021-01-07,179.5,179.9499969482422,177.5800018310547,178.5800018310547,-0.301470132231485
2021-01-08,178.80999755859375,180.02000427246094,176.60000610351562,178.69000244140625,0.06159738449080798
2021-01-11,177.75,181.25999450683594,177.35000610351562,179.08999633789062,0.2238479439360619
2021-01-12,177.3000030517578,178.32000732421875,174.86000061035156,175.99000549316406,-1.7309681769593577
2021-01-13,174.39999389648438,177.72999572753906,173.74000549316406,176.1199951171875,0.07386193531795371
2021-01-14,177.00999450683594,178.35000610351562,173.39999389648438,173.42999267578125,-1.5273691324011018
2021-01-15,172.9499969482422,174.19000244140625,170.1699981689453,171.44000244140625,-1.147431423868639
2021-01-19,172.10000610351562,173.7100067138672,171.44000244140625,172.25999450683594,0.4782968115681907
2021-01-20,175.22000122070312,177.8800048828125,173.0,173.63999938964844,0.8011174543243849
2021-01-21,173.24000549316406,175.0,171.02000427246094,171.27999877929688,-1.3591341964104275
2021-01-22,174.0,175.25,171.88999938964844,172.77999877929688,0.8757589973671376
2021-01-25,171.88999938964844,173.11000061035156,168.77000427246094,171.88999938964844,-0.5151055654221248
2021-01-26,173.0,173.35000610351562,169.0500030517578,169.55999755859375,-1.3555191339392203
2021-01-27,165.00999450683594,166.33999633789062,160.52000427246094,163.02999877929688,-3.85114347329496
2021-01-28,166.1699981689453,172.8800048828125,165.9499969482422,171.8800048828125,5.428452536208628
2021-01-29,168.8000030517578,169.80999755859375,165.7899932861328,168.1699981689453,-2.158486507140067
2021-02-01,170.83999633789062,171.72999572753906,168.02999877929688,170.97000122070312,1.6649836964051756
2021-02-02,173.77000427246094,179.75999450683594,172.8000030517578,176.9600067138672,3.5035418204341306
2021-02-03,177.0,178.42999267578125,175.75999450683594,176.42999267578125,-0.29951063402869904
2021-02-04,177.58999633789062,181.3800048828125,176.49000549316406,180.22999572753906,2.1538305330777385
2021-02-05,181.7100067138672,182.32000732421875,179.3300018310547,181.16000366210938,0.5160117386765251
2021-02-08,183.85000610351562,190.63999938964844,183.3000030517578,190.0,4.879662264954776
2021-02-09,188.1699981689453,189.25,186.0399932861328,188.2100067138672,-0.9421017295435874
2021-02-10,189.97999572753906,190.6999969482422,185.80999755859375,189.6300048828125,0.7544753829715978
2021-02-11,189.17999267578125,191.25,188.07000732421875,190.91000366210938,0.674998020533657
2021-02-12,193.0,193.85000610351562,186.55999755859375,187.6699981689453,-1.6971376203514854
2021-02-16,187.3000030517578,188.44000244140625,184.86000061035156,186.35000610351562,-0.7033580637867298
2021-02-17,185.36000061035156,187.6300048828125,182.16000366210938,186.44000244140625,0.048294250036473585
2021-02-18,184.7899932861328,186.39999389648438,182.83999633789062,183.0,-1.8450989038617749
2021-02-19,184.27000427246094,184.77999877929688,182.7899932861328,183.64999389648438,0.3551879215761611
2021-02-22,181.74000549316406,194.02000427246094,181.52999877929688,191.75999450683594,4.416009191333181
2021-02-23,193.58999633789062,198.94000244140625,188.66000366210938,197.08999633789062,2.7795170962338966
2021-02-24,197.5800018310547,200.60000610351562,195.3300018310547,197.50999450683594,0.2130996888473513
2021-02-25,197.72999572753906,197.9600067138672,190.3800048828125,190.97999572753906,-3.3061611872359564
2021-02-26,190.07000732421875,191.61000061035156,185.4499969482422,189.0399932861328,-1.0158144752364207
2021-03-01,193.22999572753906,196.89999389648438,191.38999938964844,194.97999572753906,3.142193531722892
2021-03-02,196.10000610351562,197.9600067138672,193.49000549316406,193.94000244140625,-0.5333846081246651
2021-03-03,194.6300048828125,196.80999755859375,192.2100067138672,192.25999450683594,-0.8662513733224686
2021-03-04,189.89999389648438,192.47999572753906,184.1199951171875,188.02999877929688,-2.2001434767484396
2021-03-05,189.14999389648438,190.57000732421875,183.33999633789062,189.99000549316406,1.0423904305651543
2021-03-08,197.30999755859375,203.02000427246094,193.7899932861328,201.91000366210938,6.274013276647961
2021-03-09,200.19000244140625,201.6999969482422,194.3699951171875,194.50999450683594,-3.6650037249551737
2021-03-10,197.30999755859375,198.8000030517578,194.67999267578125,195.05999755859375,0.2827633886640646
2021-03-11,197.3800048828125,199.0500030517578,195.39999389648438,196.75,0.8664013444881657
2021-03-12,196.52999877929688,198.41000366210938,195.17999267578125,197.16000366210938,0.2083881383021069
2021-03-15,198.5399932861328,198.5399932861328,194.80999755859375,196.75999450683594,-0.20288554871350506
2021-03-16,196.10000610351562,196.58999633789062,192.8800048828125,194.24000549316406,-1.2807425716736986
2021-03-17,193.44000244140625,196.19000244140625,191.77999877929688,195.24000549316406,0.5148270035624458
2021-03-18,194.9499969482422,195.0800018310547,191.74000549316406,192.27999877929688,-1.5160861660449165
2021-03-19,190.9199981689453,194.0,189.75999450683594,191.13999938964844,-0.5928850618295178
2021-03-22,193.25999450683594,196.3300018310547,192.0,192.86000061035156,0.8998646155673695
2021-03-23,191.58999633789062,192.33999633789062,187.97000122070312,188.72999572753906,-2.1414522813139603
2021-03-24,190.05999755859375,190.5,184.63999938964844,184.72000122070312,-2.1247255855529112
2021-03-25,181.85000610351562,187.7100067138672,181.00999450683594,186.91000366210938,1.1855794862136504
2021-03-26,188.8300018310547,188.97999572753906,182.57000732421875,185.9199981689453,-0.529669613058148
2021-03-29,185.24000549316406,185.94000244140625,183.14999389648438,184.85000610351562,-0.575512089053154
2021-03-30,183.8300018310547,186.32000732421875,183.55999755859375,185.52999877929688,0.36786186276913657
2021-03-31,185.8300018310547,186.89999389648438,184.4199981689453,184.52000427246094,-0.5443833953976407
2021-04-01,186.42999267578125,189.10000610351562,185.58999633789062,188.97000122070312,2.4116609826603685
2021-04-05,191.47000122070312,191.6699981689453,188.08999633789062,188.5,-0.24871737189343657
2021-04-06,188.5,191.27999877929688,187.8699951171875,189.72999572753906,0.6525176273416866
2021-04-07,189.8000030517578,190.3300018310547,186.9499969482422,187.55999755859375,-1.143729625157175
2021-04-08,187.1999969482422,188.0500030517578,185.6300048828125,187.32000732421875,-0.12795384810133648
2021-04-09,188.1699981689453,188.22000122070312,186.14999389648438,187.88999938964844,0.3042878727007148
2021-04-12,187.75,187.85000610351562,185.47999572753906,186.49000549316406,-0.7451135776423423
2021-04-13,185.58999633789062,186.44000244140625,184.60000610351562,185.49000549316406,-0.5362217655340507
2021-04-14,185.97000122070312,190.39999389648438,185.7100067138672,187.4600067138672,1.0620524892785754
2021-04-15,188.08999633789062,188.89999389648438,185.6999969482422,185.92999267578125,-0.816181576490238
2021-04-16,187.57000732421875,189.47000122070312,186.1999969482422,187.25999450683594,0.7153239839975178
2021-04-19,187.50999450683594,190.3300018310547,185.64999389648438,187.42999267578125,0.09078189358757704
2021-04-20,187.2899932861328,188.0800018310547,181.82000732421875,182.7899932861328,-2.4755906583610487
2021-04-21,181.2899932861328,183.3800048828125,178.86000061035156,183.11000061035156,0.17506829474949193
2021-04-22,184.22000122070312,184.8800048828125,181.25999450683594,182.75999450683594,-0.19114526915459118
2021-04-23,182.35000610351562,183.89999389648438,181.9600067138672,183.02000427246094,0.14226842495077552
2021-04-26,183.9600067138672,185.60000610351562,183.25999450683594,184.27000427246094,0.6829854501255062
2021-04-27,184.99000549316406,185.80999755859375,184.14999389648438,184.63999938964844,0.20078966115419927
2021-04-28,184.7899932861328,184.7899932861328,182.82000732421875,183.38999938964844,-0.6769930698288795
2021-04-29,184.8000030517578,185.5500030517578,182.75,185.3300018310547,1.0578561796515062
2021-04-30,184.2899932861328,186.32000732421875,183.5399932861328,186.02000427246094,0.37231016812659945
2021-05-03,187.69000244140625,189.22000122070312,185.25,185.50999450683594,-0.2741693118542221
2021-05-04,184.8699951171875,185.6300048828125,182.30999755859375,184.25,-0.6792057269935925
2021-05-05,185.00999450683594,185.00999450683594,181.36000061035156,181.50999450683594,-1.4871128863848337
2021-05-06,182.77999877929688,182.99000549316406,179.80999755859375,181.7899932861328,0.15426080533891273
2021-05-07,182.0,185.1199951171875,181.50999450683594,184.83999633789062,1.677761793498278
2021-05-10,185.6999969482422,186.97000122070312,184.02999877929688,184.3000030517578,-0.29214093098427485
2021-05-11,181.8000030517578,182.25,178.42999267578125,181.6699981689453,-1.4270237869035252
2021-05-12,180.6999969482422,182.4600067138672,177.5800018310547,177.85000610351562,-2.102709365295008
2021-05-13,178.3699951171875,180.75,175.8000030517578,178.33999633789062,0.2755075724258482
2021-05-14,172.92999267578125,174.91000366210938,168.77999877929688,173.6999969482422,-2.6017716075631747
2021-05-17,172.6999969482422,172.99000549316406,168.57000732421875,170.0800018310547,-2.084050190436193
2021-05-18,170.25999450683594,171.25999450683594,169.4499969482422,169.67999267578125,-0.23518882347542958
2021-05-19,167.7100067138672,169.39999389648438,167.10000610351562,169.27000427246094,-0.24162448197632136
2021-05-20,169.2100067138672,171.89999389648438,168.97999572753906,171.36000061035156,1.2347115762616268
2021-05-21,172.22000122070312,173.1199951171875,171.52000427246094,172.39999389648438,0.6069055102874366
2021-05-24,172.4499969482422,175.11000061035156,171.75,174.30999755859375,1.1078907945067717
2021-05-25,175.60000610351562,177.4499969482422,175.39999389648438,176.1699981689453,1.0670647905472785
2021-05-26,176.6199951171875,177.89999389648438,176.1999969482422,176.47000122070312,0.17029179478682543
2021-05-27,177.1999969482422,179.58999633789062,176.7899932861328,179.0399932861328,1.4563336814485073
2021-05-28,179.50999450683594,180.13999938964844,178.0800018310547,178.64999389648438,-0.21782808549660748
2021-06-01,180.17999267578125,181.00999450683594,178.74000549316406,178.83999633789062,0.10635457480974164
2021-06-02,179.0399932861328,179.10000610351562,176.92999267578125,177.0,-1.0288505790473357
2021-06-03,176.27000427246094,176.97000122070312,175.4199981689453,176.24000549316406,-0.42937542759092784
2021-06-04,175.92999267578125,177.52000427246094,175.61000061035156,177.17999267578125,0.5333563057870139
2021-06-07,177.97000122070312,178.07000732421875,176.39999389648438,176.99000549316406,-0.1072283499666038
2021-06-08,175.97000122070312,177.1199951171875,175.19000244140625,176.3300018310547,-0.37290448139731813
2021-06-09,176.30999755859375,177.3300018310547,175.8800048828125,176.0399932861328,-0.1644692008792359
2021-06-10,176.44000244140625,177.61000061035156,175.5500030517578,176.57000732421875,0.3010759249601147
2021-06-11,177.4499969482422,178.49000549316406,176.80999755859375,177.3800048828125,0.45874017386566823
2021-06-14,177.64999389648438,178.8699951171875,176.89999389648438,178.17999267578125,0.4510022386667867
2021-06-15,178.17999267578125,178.6999969482422,175.6199951171875,175.86000061035156,-1.3020497029939682
2021-06-16,176.00999450683594,176.25999450683594,173.5500030517578,174.66000366210938,-0.682359231250651
2021-06-17,174.58999633789062,176.25999450683594,173.83999633789062,174.64999389648438,-0.005731000466691061
2021-06-18,173.13999938964844,173.86000061035156,172.1199951171875,172.4199981689453,-1.276836991394792
2021-06-21,172.1300048828125,174.25999450683594,171.30999755859375,173.97000122070312,0.8989694166676943
2021-06-22,174.3699951171875,174.6999969482422,172.35000610351562,173.5,-0.27016222188035455
2021-06-23,173.6199951171875,175.4499969482422,172.94000244140625,175.3300018310547,1.0547560985906035
2021-06-24,176.1300048828125,178.24000549316406,175.77999877929688,177.92999267578125,1.4829126889714273
2021-06-25,178.8300018310547,179.08999633789062,177.49000549316406,178.35000610351562,0.23605544035496528
2021-06-28,178.5,178.66000366210938,174.99000549316406,176.57000732421875,-0.998036847985162
2021-06-29,176.63999938964844,177.02000427246094,173.8000030517578,173.92999267578125,-1.4951659619008129
2021-06-30,173.88999938964844,175.97999572753906,173.33999633789062,175.77000427246094,1.057903567045848
2021-07-01,175.35000610351562,177.60000610351562,174.60000610351562,177.25999450683594,0.8476931206449656
2021-07-02,177.86000061035156,178.36000061035156,174.6199951171875,177.11000061035156,-0.08461801936848756
2021-07-06,176.75999450683594,177.0,172.22000122070312,173.69000244140625,-1.9310022907568225
2021-07-07,172.86000061035156,174.32000732421875,171.99000549316406,172.82000732421875,-0.5008895762327992
2021-07-08,170.17999267578125,173.75,169.80999755859375,172.8000030517578,-0.011575206349467848
2021-07-09,174.6999969482422,177.52000427246094,173.92999267578125,177.0399932861328,2.4536980089664873
2021-07-12,177.7100067138672,184.99000549316406,177.3699951171875,184.3800048828125,4.145962423765304
2021-07-13,184.08999633789062,185.6699981689453,181.83999633789062,183.64999389648438,-0.39592741457626923
2021-07-14,185.1999969482422,186.2899932861328,182.0800018310547,183.4199981689453,-0.1252359026315597
2021-07-15,183.4499969482422,185.4199981689453,183.0500030517578,184.14999389648438,0.397991350357918
2021-07-16,184.94000244140625,185.2899932861328,178.9199981689453,179.30999755859375,-2.628290251593124
2021-07-19,175.7100067138672,176.47999572753906,172.16000366210938,172.9499969482422,-3.5469302866245833
2021-07-20,173.6999969482422,177.50999450683594,172.8699951171875,176.75,2.1971686145186853
2021-07-21,176.5,177.89999389648438,175.32000732421875,176.88999938964844,0.07920757547295043
2021-07-22,176.6999969482422,176.72000122070312,173.89999389648438,175.1300048828125,-0.9949655225895859
2021-07-23,175.66000366210938,176.5,174.02999877929688,176.13999938964844,0.5767112880010306
2021-07-26,175.6199951171875,178.77999877929688,175.33999633789062,178.74000549316406,1.4761020282304083
2021-07-27,178.25,179.55999755859375,176.57000732421875,179.5,0.42519552617168443
2021-07-28,179.69000244140625,180.35000610351562,177.5500030517578,179.10000610351562,-0.2228378253394836
2021-07-29,179.80999755859375,181.4199981689453,178.27000427246094,178.35000610351562,-0.418760454740863
2021-07-30,177.52999877929688,179.1999969482422,175.13999938964844,176.02000427246094,-1.306420942706521
2021-08-02,177.22000122070312,178.82000732421875,175.30999755859375,175.5500030517578,-0.2670157989404509
2021-08-03,176.02000427246094,176.1300048828125,170.9199981689453,172.99000549316406,-1.4582725799434981
2021-08-04,172.5,173.25,171.33999633789062,172.5800018310547,-0.2370100289554422
2021-08-05,172.49000549316406,177.1199951171875,172.49000549316406,176.7100067138672,2.39309586220513
2021-08-06,177.42999267578125,178.80999755859375,176.6300048828125,177.1300048828125,0.23767650556731912
2021-08-09,177.0,177.30999755859375,175.05999755859375,176.72000122070312,-0.23147047411906652
2021-08-10,176.25,177.39999389648438,175.5800018310547,177.07000732421875,0.1980568702455443
2021-08-11,177.36000061035156,178.49000549316406,176.50999450683594,178.08999633789062,0.5760371443393364
2021-08-12,178.08999633789062,179.72000122070312,176.4499969482422,179.2899932861328,0.6738149098310053
2021-08-13,186.2899932861328,187.5800018310547,180.8800048828125,181.0800018310547,0.9983873121491849
2021-08-16,180.50999450683594,180.58999633789062,176.50999450683594,179.08999633789062,-1.0989648072903813
2021-08-17,177.14999389648438,178.4499969482422,174.9199981689453,175.8300018310547,-1.8203107786574968
2021-08-18,175.89999389648438,176.7899932861328,174.5,174.74000549316406,-0.6199148760391515
2021-08-19,174.0,174.67999267578125,172.55999755859375,173.25,-0.8526985500308615
2021-08-20,173.0,175.2100067138672,172.64999389648438,175.1199951171875,1.079362261002892
2021-08-23,177.0800018310547,178.30999755859375,175.91000366210938,177.66000366210938,1.4504389080311153
2021-08-24,177.9199981689453,180.0800018310547,177.75999450683594,178.47000122070312,0.45592566807231005
2021-08-25,178.16000366210938,178.58999633789062,176.8800048828125,178.30999755859375,-0.08965297305708608
2021-08-26,178.33999633789062,178.94000244140625,176.33999633789062,176.55999755859375,-0.9814368369473692
2021-08-27,176.27999877929688,180.5399932861328,176.27999877929688,180.13999938964844,2.027640394516106
2021-08-30,180.5,181.38999938964844,178.8699951171875,179.97999572753906,-0.0888218400419083
2021-08-31,179.25,182.97999572753906,178.52999877929688,181.3000030517578,0.7334189107421896
2021-09-01,181.9600067138672,184.2100067138672,181.77999877929688,183.47999572753906,1.2024228566388295
2021-09-02,184.16000366210938,185.3000030517578,181.5500030517578,181.86000061035156,-0.8829273789569547
2021-09-03,181.82000732421875,181.82000732421875,179.1300048828125,181.0,-0.4728915690450086
2021-09-07,181.02000427246094,185.5500030517578,180.0500030517578,184.33999633789062,1.8453018441384694
2021-09-08,184.33999633789062,187.4600067138672,183.9199981689453,185.14999389648438,0.4394041307829166
2021-09-09,185.14999389648438,187.5800018310547,184.57000732421875,185.91000366210938,0.41048327878958624
2021-09-10,186.36000061035156,187.10000610351562,184.00999450683594,184.1199951171875,-0.962836054898486
2021-09-13,185.1199951171875,185.8000030517578,183.5,184.97999572753906,0.46708702648194933
2021-09-14,184.9600067138672,185.1300048828125,182.14999389648438,182.39999389648438,-1.394746399959279
2021-09-15,182.05999755859375,184.66000366210938,181.10000610351562,184.41000366210938,1.1019790750462999
2021-09-16,183.97000122070312,184.63999938964844,182.1199951171875,183.33999633789062,-0.5802327980966249
2021-09-17,182.91000366210938,185.89999389648438,182.72999572753906,183.47000122070312,0.07090917716225942
2021-09-20,179.74000549316406,180.8800048828125,176.5500030517578,178.61000061035156,-2.6489347457436807
2021-09-21,180.32000732421875,182.22999572753906,169.02999877929688,171.1699981689453,-4.1655016046033495
2021-09-22,172.94000244140625,175.33999633789062,171.66000366210938,173.64999389648438,1.4488495379262112
2021-09-23,174.94000244140625,177.19000244140625,174.3699951171875,176.25,1.4972681801909804
2021-09-24,175.3000030517578,176.6999969482422,175.0800018310547,176.0,-0.14184397163120588
2021-09-27,176.6300048828125,179.4499969482422,175.9600067138672,178.25999450683594,1.2840877879749746
2021-09-28,177.75,178.0,173.86000061035156,174.52000427246094,-2.0980536012703555
2021-09-29,174.25,174.9600067138672,172.58999633789062,172.67999267578125,-1.0543270408170824
2021-09-30,173.10000610351562,173.67999267578125,169.10000610351562,169.1699981689453,-2.0326584756267585
2021-10-01,172.27999877929688,177.32000732421875,171.97000122070312,176.00999450683594,4.043267962360386
2021-10-04,175.55999755859375,175.9600067138672,172.6699981689453,173.4600067138672,-1.4487744290394344
2021-10-05,173.8300018310547,176.24000549316406,173.61000061035156,174.61000061035156,0.6629735108804491
2021-10-06,173.0,175.7100067138672,171.5500030517578,175.47999572753906,0.4982504519480013
2021-10-07,177.6999969482422,179.6300048828125,177.3300018310547,177.7100067138672,1.270806382848666
2021-10-08,177.92999267578125,178.60000610351562,176.39999389648438,176.74000549316406,-0.5458337651547907
2021-10-11,176.02000427246094,176.52000427246094,173.47999572753906,173.52000427246094,-1.8218858892293466
2021-10-12,173.6199951171875,174.49000549316406,172.5500030517578,173.1300048828125,-0.2247575956925707
2021-10-13,173.6300048828125,173.6999969482422,170.94000244140625,172.9600067138672,-0.0981910495874927
2021-10-14,174.07000732421875,176.02000427246094,174.0,174.41000366210938,0.8383423288373049
2021-10-15,175.69000244140625,178.88999938964844,174.10000610351562,176.4600067138672,1.1753930443860083
2021-10-18,172.36000061035156,173.33999633789062,169.8000030517578,171.13999938964844,-3.014851593452128
2021-10-19,171.44000244140625,171.5800018310547,170.17999267578125,171.17999267578125,0.02336875439723496
2021-10-20,170.97000122070312,171.02000427246094,169.8800048828125,170.5500030517578,-0.36802760309533333
2021-10-21,170.1999969482422,172.5,170.10000610351562,171.33999633789062,0.46320332570914946
2021-10-22,170.57000732421875,170.8000030517578,168.60000610351562,169.4199981689453,-1.120577921082122
2021-10-25,169.89999389648438,172.57000732421875,169.02999877929688,172.00999450683594,1.5287429854106582
2021-10-26,172.9499969482422,173.1199951171875,170.7100067138672,172.0399932861328,0.01744013734950034
2021-10-27,171.77000427246094,172.0399932861328,169.42999267578125,169.5500030517578,-1.4473322085253204
2021-10-28,169.47999572753906,170.35000610351562,168.60000610351562,169.67999267578125,0.07666742653125169
2021-10-29,169.02000427246094,170.4600067138672,168.14999389648438,169.07000732421875,-0.35949161827701914
2021-11-01,169.2100067138672,171.25,169.08999633789062,170.19000244140625,0.6624445902103426
2021-11-02,170.02999877929688,170.85000610351562,168.97999572753906,169.8300018310547,-0.21152864750413336
2021-11-03,169.6999969482422,170.19000244140625,168.3699951171875,170.0800018310547,0.1472060279718468
2021-11-04,170.02999877929688,170.4199981689453,168.6699981689453,170.27999877929688,0.11758992596957452
2021-11-05,173.5,176.99000549316406,172.3300018310547,175.6300048828125,3.1418875627605924
2021-11-08,178.69000244140625,179.25,176.10000610351562,176.8699951171875,0.706024141605166
2021-11-09,176.9499969482422,177.1199951171875,173.2100067138672,175.11000061035156,-0.9950780547428817
2021-11-10,174.69000244140625,176.8699951171875,173.8699951171875,174.4499969482422,-0.37690803484033975
2021-11-11,162.88999938964844,163.9600067138672,158.3300018310547,162.11000061035156,-7.073658099032121
2021-11-12,163.52000427246094,163.61000061035156,158.92999267578125,159.6300048828125,-1.5298227858872138
2021-11-15,160.08999633789062,160.72000122070312,157.66000366210938,158.42999267578125,-0.7517460191222791
2021-11-16,159.05999755859375,160.24000549316406,158.5500030517578,158.8300018310547,0.25248322525144307
2021-11-17,158.72999572753906,158.88999938964844,156.75,157.3300018310547,-0.9444059577582431
2021-11-18,157.08999633789062,157.3000030517578,153.7100067138672,155.5800018310547,-1.112311688573675
2021-11-19,155.02000427246094,155.2100067138672,152.77000427246094,154.0,-1.015555863516715
2021-11-22,153.22999572753906,155.82000732421875,152.57000732421875,154.16000366210938,0.10389848188920858
2021-11-23,153.83999633789062,154.25,150.19000244140625,151.02999877929688,-2.030361188673102
2021-11-24,150.69000244140625,151.41000366210938,148.8000030517578,151.33999633789062,0.20525561881699073
2021-11-26,146.8000030517578,148.85000610351562,145.85000610351562,148.11000061035156,-2.1342644414551026
2021-11-29,148.80999755859375,149.3000030517578,144.25,147.80999755859375,-0.2025542168128558
2021-11-30,146.72000122070312,147.27999877929688,143.11000061035156,144.89999389648438,-1.9687461674950724
2021-12-01,146.6999969482422,148.3699951171875,142.0399932861328,142.14999389648438,-1.8978606734549541
2021-12-02,142.83999633789062,147.64999389648438,142.77000427246094,147.1999969482422,3.55258759661663
2021-12-03,147.80999755859375,148.32000732421875,144.32000732421875,146.22000122070312,-0.665757980880699
2021-12-06,147.27999877929688,150.74000549316406,146.6699981689453,150.3699951171875,2.8381848323338454
2021-12-07,151.83999633789062,152.75999450683594,149.72000122070312,150.80999755859375,0.29261319125757357
2021-12-08,150.91000366210938,153.66000366210938,150.55999755859375,153.33999633789062,1.6776068034308533
2021-12-09,152.27000427246094,154.2899932861328,151.6999969482422,152.94000244140625,-0.26085424940468505
2021-12-10,153.5800018310547,154.66000366210938,151.4499969482422,152.7100067138672,-0.15038297624402341
2021-12-13,152.1199951171875,152.5,149.2899932861328,150.42999267578125,-1.4930351239902717
2021-12-14,149.25999450683594,151.6199951171875,148.52000427246094,149.10000610351562,-0.8841232713027614
2021-12-15,148.75999450683594,150.9199981689453,147.35000610351562,150.39999389648438,0.8718898321615098
2021-12-16,151.35000610351562,152.05999755859375,148.5800018310547,148.75,-1.0970704544177146
2021-12-17,148.50999450683594,149.83999633789062,146.57000732421875,148.75999450683594,0.006718996192223159
2021-12-20,146.97999572753906,147.72999572753906,145.0800018310547,146.47000122070312,-1.5393878533839112
2021-12-21,147.55999755859375,151.42999267578125,147.38999938964844,151.0500030517578,3.1269214124969302
2021-12-22,150.4199981689453,152.1999969482422,149.8699951171875,151.8800048828125,0.5494881259752615
2021-12-23,152.32000732421875,154.19000244140625,151.92999267578125,153.6300048828125,1.1522254040946756
2021-12-27,152.8800048828125,154.02000427246094,151.39999389648438,152.8000030517578,-0.5402602386739508
2021-12-28,152.6199951171875,156.5,152.41000366210938,155.1999969482422,1.5706766024549346
2021-12-29,154.55999755859375,155.9199981689453,154.17999267578125,154.8699951171875,-0.21263004996369128
2021-12-30,155.7100067138672,157.07000732421875,155.50999450683594,155.92999267578125,0.6844434635590035
2021-12-31,155.8699951171875,156.57000732421875,154.74000549316406,154.88999938964844,-0.6669616718928628
2022-01-03,155.8300018310547,157.55999755859375,155.36000061035156,156.75999450683594,1.2073052647403326
2022-01-04,158.58999633789062,160.32000732421875,155.5500030517578,155.72999572753906,-0.6570546155843071
2022-01-05,156.52000427246094,159.3800048828125,155.10000610351562,155.19000244140625,-0.34674969559337354
2022-01-06,156.24000549316406,157.77000427246094,153.67999267578125,156.89999389648438,1.1018695973819215
2022-01-07,156.89999389648438,159.3000030517578,156.2899932861328,157.8300018310547,0.5927393057668873
2022-01-10,157.97999572753906,158.27000427246094,154.64999389648438,156.60000610351562,-0.779316804960617
2022-01-11,156.6199951171875,158.22000122070312,155.9499969482422,157.88999938964844,0.8237504698946907
2022-01-12,158.5,158.99000549316406,156.3300018310547,157.8000030517578,-0.05699939086611927
2022-01-13,157.6999969482422,158.52999877929688,155.1699981689453,155.44000244140625,-1.495564362934454
2022-01-14,152.35000610351562,152.6199951171875,148.4199981689453,151.94000244140625,-2.2516726357614036
2022-01-18,151.11000061035156,153.1300048828125,149.8300018310547,152.27000427246094,0.21719219807301293
2022-01-19,150.83999633789062,152.86000061035156,149.9600067138672,150.11000061035156,-1.4185352344539326
2022-01-20,150.91000366210938,152.66000366210938,147.14999389648438,147.6199951171875,-1.658787211404722
2022-01-21,141.22999572753906,141.8699951171875,136.6300048828125,137.3800048828125,-6.936723054519833
2022-01-24,134.82000732421875,137.67999267578125,129.25999450683594,137.4600067138672,0.058233970163956705
2022-01-25,135.2899932861328,137.75,132.3800048828125,136.50999450683594,-0.6911189878004098
2022-01-26,137.7100067138672,138.1999969482422,132.25999450683594,133.60000610351562,-2.1317035531596806
2022-01-27,135.07000732421875,137.91000366210938,134.02000427246094,135.4199981689453,1.3622694478168773
2022-01-28,135.2100067138672,138.69000244140625,133.55999755859375,138.6300048828125,2.370408179936989
2022-01-31,138.86000061035156,143.14999389648438,138.47000122070312,142.97000122070312,3.1306327526709143
2022-02-01,143.02000427246094,144.69000244140625,142.25,144.49000549316406,1.0631630828025873
2022-02-02,144.19000244140625,144.58999633789062,141.3800048828125,142.6199951171875,-1.2942143434723774
2022-02-03,140.0,142.0399932861328,139.25,140.02999877929688,-1.8160120786447131
2022-02-04,140.0399932861328,143.19000244140625,139.52999877929688,142.02000427246094,1.4211279800841359
2022-02-07,143.38999938964844,144.08999633789062,141.61000061035156,142.50999450683594,0.34501494130008137
2022-02-08,141.7899932861328,142.88999938964844,140.74000549316406,142.47999572753906,-0.021050298542701906
2022-02-09,144.3699951171875,147.35000610351562,143.25,147.22999572753906,3.333801335229758
2022-02-10,156.02000427246094,157.5,151.11000061035156,152.16000366210938,3.348507829677372
2022-02-11,153.5399932861328,154.69000244140625,148.55999755859375,149.47000122070312,-1.7678774820351184
2022-02-14,149.3699951171875,153.72999572753906,149.2100067138672,150.85000610351562,0.9232654522928874
2022-02-15,153.5399932861328,154.85000610351562,152.50999450683594,154.72000122070312,2.5654590391808396
2022-02-16,154.97999572753906,156.72999572753906,153.75,156.35000610351562,1.053519176546125
2022-02-17,154.69000244140625,155.36000061035156,152.61000061035156,152.9499969482422,-2.174614021455412
2022-02-18,152.91000366210938,153.67999267578125,150.0500030517578,151.36000061035156,-1.039553036688634
2022-02-22,150.19000244140625,150.7899932861328,147.61000061035156,148.08999633789062,-2.160415076159361
2022-02-23,149.5,149.74000549316406,145.5,145.8699951171875,-1.4990892535629796
2022-02-24,140.0,149.57000732421875,140.0,149.39999389648438,2.4199622248982644
2022-02-25,149.55999755859375,150.27999877929688,147.22000122070312,149.52999877929688,0.08701799740540306
2022-02-28,147.8300018310547,149.47999572753906,146.4600067138672,148.4600067138672,-0.715570169306945
2022-03-01,147.86000061035156,148.14999389648438,143.77999877929688,145.6999969482422,-1.85909311653506
2022-03-02,146.30999755859375,148.47000122070312,145.9199981689453,147.33999633789062,1.125600153739903
2022-03-03,147.30999755859375,148.64999389648438,144.4499969482422,145.57000732421875,-1.2012956818682197
2022-03-04,144.00999450683594,144.25999450683594,139.5500030517578,140.72000122070312,-3.3317344641698887
2022-03-07,140.27999877929688,140.88999938964844,133.44000244140625,133.5,-5.1307569343887245
2022-03-08,133.02000427246094,135.49000549316406,129.2899932861328,131.75,-1.310861423220977
2022-03-09,135.49000549316406,135.5,133.36000061035156,133.64999389648438,1.4421206045422297
2022-03-10,132.36000061035156,134.1999969482422,131.6199951171875,133.63999938964844,-0.0074781199344342575
2022-03-11,135.0800018310547,136.16000366210938,131.57000732421875,131.75,-1.4142467811136705
2022-03-14,130.97999572753906,133.07000732421875,128.3800048828125,129.02999877929688,-2.064517055562143
2022-03-15,129.74000549316406,134.55999755859375,129.50999450683594,134.1999969482422,4.00681873816684
2022-03-16,135.64999389648438,138.97999572753906,134.94000244140625,138.13999938964844,2.935918428467499
2022-03-17,137.44000244140625,139.47000122070312,136.55999755859375,139.47000122070312,0.9627927008332815
2022-03-18,139.5500030517578,140.72999572753906,138.3000030517578,140.3000030517578,0.595111367168677
2022-03-21,138.89999389648438,139.3000030517578,136.8800048828125,138.6199951171875,-1.1974396992354586
2022-03-22,139.05999755859375,142.19000244140625,138.89999389648438,140.11000061035156,1.0748849701692986
2022-03-23,139.07000732421875,139.75999450683594,137.5399932861328,137.63999938964844,-1.7629014416838396
2022-03-24,138.5800018310547,139.27000427246094,137.41000366210938,138.9600067138672,0.9590288652079337
2022-03-25,139.27999877929688,140.3800048828125,138.1199951171875,139.13999938964844,0.1295284017594156
2022-03-28,138.8800048828125,139.6300048828125,136.27999877929688,138.72000122070312,-0.3018529328645103
2022-03-29,140.9600067138672,144.4600067138672,140.9600067138672,142.3800048828125,2.6384109212097773
2022-03-30,141.30999755859375,143.27000427246094,140.0800018310547,140.9600067138672,-0.9973297655903712
2022-03-31,140.13999938964844,140.8800048828125,137.11000061035156,137.16000366210938,-2.695802263596214
2022-04-01,137.33999633789062,138.10000610351562,135.52999877929688,137.0,-0.11665475199573727
2022-04-04,136.97000122070312,139.25999450683594,136.88999938964844,138.5800018310547,1.153286008069121
2022-04-05,137.74000549316406,139.1999969482422,135.1300048828125,135.6199951171875,-2.1359551701231605
2022-04-06,133.75,133.92999267578125,130.80999755859375,132.57000732421875,-2.248921916221347
2022-04-07,133.00999450683594,133.2100067138672,130.02000427246094,131.8699951171875,-0.5280321100980756
2022-04-08,132.0,133.1199951171875,130.6300048828125,131.8699951171875,0.0
2022-04-11,130.0399932861328,132.42999267578125,130.0399932861328,130.64999389648438,-0.925154520267446
2022-04-12,131.80999755859375,133.2100067138672,130.14999389648438,130.83999633789062,0.14542858804631464
2022-04-13,131.0500030517578,132.88999938964844,130.75,132.35000610351562,1.1540888167907326
2022-04-14,132.80999755859375,133.58999633789062,130.35000610351562,130.47000122070312,-1.420479634388594
2022-04-18,130.07000732421875,130.22000122070312,126.81999969482422,127.7699966430664,-2.0694447400743
2022-04-19,128.08999633789062,133.19000244140625,127.79000091552734,131.89999389648438,3.2323686013355557
2022-04-20,126.05000305175781,127.3499984741211,124.11000061035156,124.56999969482422,-5.557236194728532
2022-04-21,125.54000091552734,126.44999694824219,121.27999877929688,121.66000366210938,-2.336032784654296
2022-04-22,120.01000213623047,121.88999938964844,118.1500015258789,118.2699966430664,-2.786459737793656
2022-04-25,117.66000366210938,120.33000183105469,116.75,119.94999694824219,1.4204788643445543
2022-04-26,119.1500015258789,119.1500015258789,115.63999938964844,115.7699966430664,-3.4847856702984625
2022-04-27,115.43000030517578,116.9000015258789,113.38999938964844,115.20999908447266,-0.48371562134557067
2022-04-28,115.22000122070312,116.0,112.69000244140625,115.29000091552734,0.06944000667514771
2022-04-29,115.19999694824219,115.98999786376953,111.36000061035156,111.62999725341797,-3.174606325826168
2022-05-02,111.70999908447266,113.66000366210938,111.01000213623047,113.5,1.6751794254162844
2022-05-03,114.05000305175781,114.83000183105469,112.69000244140625,113.55000305175781,0.044055552209520954
2022-05-04,113.37000274658203,116.44000244140625,111.83000183105469,116.19000244140625,2.3249663748974747
2022-05-05,114.73999786376953,115.2699966430664,111.4800033569336,112.61000061035156,-3.081161679861444
2022-05-06,111.7699966430664,112.08999633789062,108.30000305175781,110.29000091552734,-2.0602075146520793
2022-05-09,108.11000061035156,110.73999786376953,106.4800033569336,106.9800033569336,-3.0011764721345147
2022-05-10,109.83999633789062,110.69999694824219,106.13999938964844,107.68000030517578,0.6543250385837807
2022-05-11,107.9000015258789,110.06999969482422,104.79000091552734,105.20999908447266,-2.2938347081193355
2022-05-12,102.9000015258789,105.0,99.47000122070312,104.30999755859375,-0.8554334509178196
2022-05-13,105.36000061035156,107.69000244140625,105.30999755859375,107.33000183105469,2.8952203462228265
2022-05-16,107.45999908447266,107.62000274658203,104.8499984741211,105.18000030517578,-2.0031691877385516
2022-05-17,107.7300033569336,108.79000091552734,106.30000305175781,108.63999938964844,3.2895979030553413
2022-05-18,107.37999725341797,107.66000366210938,103.87999725341797,104.30000305175781,-3.9948420124017003
2022-05-19,103.43000030517578,105.30000305175781,102.95999908447266,103.13999938964844,-1.1121798927788529
2022-05-20,104.48999786376953,104.80000305175781,100.05000305175781,102.41999816894531,-0.6980814669031221
2022-05-23,103.76000213623047,106.02999877929688,101.55999755859375,105.83000183105469,3.329431481227374
2022-05-24,103.70999908447266,103.83999633789062,100.12999725341797,101.58999633789062,-4.006430520461235
2022-05-25,101.43000030517578,103.80999755859375,101.16000366210938,103.26000213623047,1.643868351747324
2022-05-26,104.22000122070312,106.12999725341797,103.95999908447266,105.61000061035156,2.2758071136012026
2022-05-27,106.88999938964844,109.37000274658203,106.52999877929688,109.31999969482422,3.5129240252168126
2022-05-31,110.0,111.23999786376953,107.91000366210938,110.44000244140625,1.0245177000627548
2022-06-01,112.01000213623047,112.8499984741211,108.2699966430664,109.19000244140625,-1.1318362661782655
2022-06-02,109.43000030517578,110.94999694824219,107.91000366210938,110.87000274658203,1.5386026812091114
2022-06-03,109.16999816894531,109.8499984741211,107.91999816894531,108.66999816894531,-1.9843100235735656
2022-06-06,109.75,110.19000244140625,107.6500015258789,107.83000183105469,-0.772979066940549
2022-06-07,106.79000091552734,107.91999816894531,106.0,107.79000091552734,-0.03709627640553492
2022-06-08,107.43000030517578,109.36000061035156,106.95999908447266,107.33999633789062,-0.4174826735453663
2022-06-09,106.52999877929688,107.05999755859375,103.25,103.30000305175781,-3.7637352561625814
2022-06-10,101.43000030517578,102.12000274658203,99.37999725341797,99.4000015258789,-3.7754127886374222
2022-06-13,97.61000061035156,97.61000061035156,94.83000183105469,95.70999908447266,-3.7122760410074562
2022-06-14,96.2699966430664,96.2699966430664,93.0999984741211,94.22000122070312,-1.5567839076609746
2022-06-15,94.61000061035156,97.30000305175781,94.08999633789062,95.87999725341797,1.7618297720315645
2022-06-16,94.01000213623047,95.37999725341797,93.41000366210938,94.27999877929688,-1.6687510637825476
2022-06-17,94.01000213623047,95.97000122070312,93.47000122070312,94.33999633789062,0.06363763191619132
2022-06-21,94.9000015258789,95.44999694824219,93.2699966430664,93.29000091552734,-1.1129907389465954
2022-06-22,92.16999816894531,94.61000061035156,92.01000213623047,93.5,0.22510352922260335
2022-06-23,93.95999908447266,94.6500015258789,92.06999969482422,94.30000305175781,0.8556182371741272
2022-06-24,95.44999694824219,98.56999969482422,95.4000015258789,97.77999877929688,3.6903452968384487
2022-06-27,98.22000122070312,98.2300033569336,95.80000305175781,96.61000061035156,-1.196561856772127
2022-06-28,99.73999786376953,100.4000015258789,95.77999877929688,95.91999816894531,-0.7142143018807889
2022-06-29,95.94999694824219,96.19999694824219,94.52999877929688,95.6500015258789,-0.281481076126433
2022-06-30,94.41999816894531,95.44000244140625,92.54000091552734,94.4000015258789,-1.3068478620586355
2022-07-01,94.23999786376953,96.30999755859375,93.9800033569336,96.13999938964844,1.8432180462333303
2022-07-05,94.26000213623047,97.2300033569336,92.30999755859375,97.18000030517578,1.0817567319844734
2022-07-06,97.52999877929688,98.19000244140625,95.4000015258789,96.08000183105469,-1.131918574466717
2022-07-07,96.9000015258789,97.52999877929688,95.93000030517578,97.43000030517578,1.4050774858382242
2022-07-08,96.56999969482422,97.12000274658203,95.3499984741211,95.86000061035156,-1.611413004112261
2022-07-11,95.0,95.33999633789062,93.43000030517578,93.63999938964844,-2.315878579770625
2022-07-12,93.58000183105469,95.25,93.30999755859375,93.5999984741211,-0.04271776568568475
2022-07-13,92.12000274658203,93.25,91.01000213623047,92.94000244140625,-0.7051239780707097
2022-07-14,91.4800033569336,92.04000091552734,90.2300033569336,91.83999633789062,-1.1835658216268308
2022-07-15,92.91000366210938,95.31999969482422,92.69999694824219,95.19999694824219,3.6585373958310186
2022-07-18,96.36000061035156,97.2699966430664,95.30999755859375,95.69999694824219,0.5252101008698995
2022-07-19,96.68000030517578,99.8499984741211,96.68000030517578,99.61000061035156,4.085688387455266
2022-07-20,100.25,104.26000213623047,99.94999694824219,103.3499984741211,3.754640940521048
2022-07-21,102.70999908447266,104.25,101.61000061035156,104.18000030517578,0.8030980583541236
2022-07-22,103.27999877929688,104.56999969482422,102.11000061035156,102.72000122070312,-1.4014197352619107
2022-07-25,102.77999877929688,103.38999938964844,101.80999755859375,102.69000244140625,-0.029204418750361505
2022-07-26,102.13999938964844,102.36000061035156,99.55999755859375,99.77999877929688,-2.833775044235476
2022-07-27,100.97000122070312,103.6500015258789,100.80999755859375,103.5,3.72820331350312
2022-07-28,103.25,104.97000122070312,102.70999908447266,104.9000015258789,1.3526584791100582
2022-07-29,105.13999938964844,106.33999633789062,103.37000274658203,106.0999984741211,1.1439436899780775
2022-08-01,104.87000274658203,106.6500015258789,103.86000061035156,106.22000122070312,0.1131034385559504
2022-08-02,105.73999786376953,106.36000061035156,104.62000274658203,104.70999908447266,-1.4215798520779477
2022-08-03,105.7300033569336,109.69999694824219,105.7300033569336,109.0199966430664,4.116127968940919
2022-08-04,108.91999816894531,109.44999694824219,107.66000366210938,108.12000274658203,-0.8255310256805148
2022-08-05,106.80999755859375,107.69999694824219,105.37000274658203,106.62999725341797,-1.378103454784796
2022-08-08,108.20999908447266,111.2300033569336,107.9000015258789,109.11000061035156,2.325802701691515
2022-08-09,109.22000122070312,109.22000122070312,107.02999877929688,108.12999725341797,-0.8981792241330222
2022-08-10,112.4800033569336,112.66999816894531,109.91000366210938,112.43000030517578,3.9766976426348633
2022-08-11,122.20999908447266,123.2699966430664,117.33000183105469,117.69000244140625,4.6784684887956285
2022-08-12,119.0,121.61000061035156,118.91999816894531,121.56999969482422,3.29679426708287
2022-08-15,121.0,125.95999908447266,120.98999786376953,124.26000213623047,2.2127189669810976
2022-08-16,124.7300033569336,126.4800033569336,123.44999694824219,124.95999908447266,0.5633324772317039
2022-08-17,123.44999694824219,124.4800033569336,122.56999969482422,122.80999755859375,-1.7205518098839856
2022-08-18,123.01000213623047,123.12999725341797,121.70999908447266,122.66999816894531,-0.11399673677352506
2022-08-19,121.25,121.38999938964844,119.4800033569336,120.13999938964844,-2.062442991001334
2022-08-22,117.69999694824219,118.20999908447266,115.69000244140625,115.94000244140625,-3.4959189025966286
2022-08-23,115.9800033569336,116.37000274658203,114.62000274658203,114.86000061035156,-0.9315178612321451
2022-08-24,114.66999816894531,117.16000366210938,114.0999984741211,116.41000366210938,1.3494715684496672
2022-08-25,117.0199966430664,117.7699966430664,116.11000061035156,117.45999908447266,0.9019804048894242
2022-08-26,117.47000122070312,118.37000274658203,113.88999938964844,114.06999969482422,-2.886088384191521
2022-08-29,112.54000091552734,114.47000122070312,112.41000366210938,113.52999877929688,-0.47339433415624077
2022-08-30,114.27999877929688,114.75,111.44999694824219,112.43000030517578,-0.9689055632419175
2022-08-31,112.87000274658203,113.75,111.8499984741211,112.08000183105469,-0.3113034538566817
2022-09-01,111.79000091552734,112.58999633789062,110.02999877929688,112.52999877929688,0.4014961999380562
2022-09-02,113.05000305175781,113.88999938964844,110.83999633789062,111.19999694824219,-1.1819086870010542
2022-09-06,111.7699966430664,111.77999877929688,108.5199966430664,110.08999633789062,-0.9982020151207416
2022-09-07,109.87000274658203,112.95999908447266,109.87000274658203,112.69000244140625,2.3617096829902984
2022-09-08,111.06999969482422,112.98999786376953,110.36000061035156,112.33000183105469,-0.3194610014661703
2022-09-09,113.2699966430664,115.52999877929688,113.19000244140625,115.18000030517578,2.5371658752463278
2022-09-12,116.13999938964844,117.48999786376953,115.2699966430664,116.38999938964844,1.0505288081843256
2022-09-13,113.05000305175781,113.81999969482422,111.16999816894531,111.76000213623047,-3.978002644297418
2022-09-14,111.8499984741211,112.73999786376953,109.87999725341797,112.5,0.6621312183472394
2022-09-15,112.38999938964844,114.41000366210938,110.70999908447266,110.7699966430664,-1.5377807617187544
2022-09-16,109.20999908447266,109.58000183105469,106.95999908447266,108.25,-2.274981239898899
2022-09-19,107.52999877929688,109.22000122070312,107.04000091552734,109.16999816894531,0.849882835053406
2022-09-20,108.27999877929688,108.41000366210938,106.86000061035156,107.56999969482422,-1.4656027305643304
2022-09-21,107.38999938964844,108.04000091552734,104.48999786376953,104.48999786376953,-2.863253546335076
2022-09-22,104.20999908447266,104.66000366210938,102.0199966430664,102.16000366210938,-2.2298729536753603
2022-09-23,100.62000274658203,101.18000030517578,98.0199966430664,99.5,-2.60376230105398
2022-09-26,98.94999694824219,100.66000366210938,98.05999755859375,98.12000274658203,-1.3869319129828805
2022-09-27,99.52999877929688,99.63999938964844,95.43000030517578,95.8499984741211,-2.313497970769285
2022-09-28,95.79000091552734,99.87000274658203,95.44999694824219,99.4000015258789,3.7037069465538863
2022-09-29,98.52999877929688,98.5999984741211,96.2300033569336,97.44999694824219,-1.9617751988957766
2022-09-30,96.5,97.4800033569336,94.27999877929688,94.33000183105469,-3.2016369573049874
2022-10-03,95.7300033569336,97.77999877929688,94.5,97.12999725341797,2.9682978564742113
2022-10-04,98.68000030517578,101.5199966430664,98.2300033569336,101.44000244140625,4.437357469230863
2022-10-05,100.04000091552734,101.22000122070312,98.69999694824219,100.80000305175781,-0.6309142096266318
2022-10-06,100.43000030517578,101.45999908447266,99.87000274658203,100.04000091552734,-0.7539703504177764
2022-10-07,98.51000213623047,98.80000305175781,96.44999694824219,97.16000366210938,-2.878845688785836
2022-10-10,97.58999633789062,97.73999786376953,94.41999816894531,95.16000366210938,-2.0584601941302294
2022-10-11,94.80999755859375,95.05999755859375,92.6500015258789,93.0999984741211,-2.1647804841442353
2022-10-12,93.16000366210938,94.06999969482422,92.19999694824219,93.41000366210938,0.3329808733288475
2022-10-13,91.56999969482422,96.97000122070312,90.70999908447266,96.63999938964844,3.4578691798609507
2022-10-14,97.47000122070312,98.08999633789062,94.33000183105469,94.44999694824219,-2.2661449247078913
2022-10-17,96.37999725341797,97.97000122070312,96.26000213623047,97.33000183105469,3.0492376663502796
2022-10-18,99.87000274658203,100.37000274658203,97.63999938964844,98.4800033569336,1.1815488587733514
2022-10-19,100.44000244140625,101.87000274658203,98.5,98.98999786376953,0.5178660534641777
2022-10-20,98.2300033569336,100.75,98.11000061035156,98.58999633789062,-0.40408277049303054
2022-10-21,98.3499984741211,102.30000305175781,97.88999938964844,102.04000091552734,3.49934547701245
2022-10-24,102.12000274658203,103.19000244140625,100.12000274658203,101.72000122070312,-0.3136022069316957
2022-10-25,102.16000366210938,104.7300033569336,102.02999877929688,104.36000061035156,2.595359180069612
2022-10-26,103.52999877929688,107.43000030517578,103.52999877929688,104.62999725341797,0.25871659782228384
2022-10-27,105.80999755859375,106.87000274658203,104.30999755859375,104.44000244140625,-0.18158732390247678
2022-10-28,104.08000183105469,106.08999633789062,103.52999877929688,105.94999694824219,1.4458009110858594
2022-10-31,105.66000366210938,106.9000015258789,104.81999969482422,106.54000091552734,0.5568702069650655
2022-11-01,107.69999694824219,108.83999633789062,105.63999938964844,106.0,-0.5068527415871715
2022-11-02,105.44999694824219,106.08000183105469,101.79000091552734,101.81999969482422,-3.943396514316777
2022-11-03,100.19999694824219,100.69999694824219,98.55999755859375,99.25,-2.5240617781644548
2022-11-04,101.1500015258789,101.16000366210938,98.11000061035156,99.58000183105469,0.3324955476621483
2022-11-07,100.87999725341797,101.55999755859375,98.98999786376953,100.43000030517578,0.8535835092302824
2022-11-08,100.73999786376953,101.97000122070312,98.05000305175781,99.9000015258789,-0.5277295406615257
2022-11-09,90.55000305175781,91.0999984741211,86.27999877929688,86.75,-13.163164489514468
2022-11-10,89.75,90.5,87.61000061035156,90.45999908447266,4.27665600515581
2022-11-11,91.58000183105469,95.58000183105469,91.0999984741211,95.01000213623047,5.029850870890429
2022-11-14,95.8499984741211,96.62000274658203,94.20999908447266,94.27999877929688,-0.7683436906851915
2022-11-15,96.0,97.18000030517578,93.69999694824219,95.51000213623047,1.3046281001900972
2022-11-16,95.22000122070312,95.22000122070312,93.72000122070312,93.94999694824219,-1.6333422187167046
2022-11-17,92.12000274658203,92.2699966430664,90.8499984741211,91.44999694824219,-2.660989974674799
2022-11-18,92.86000061035156,93.16000366210938,90.91000366210938,91.80000305175781,0.3827294862718489
2022-11-21,100.12000274658203,100.88999938964844,96.31999969482422,97.58000183105469,6.296294757243137
2022-11-22,97.0,97.66999816894531,94.68000030517578,96.20999908447266,-1.403979012988732
2022-11-23,96.0,99.33999633789062,95.77999877929688,98.87999725341797,2.7751774185145184
2022-11-25,98.80999755859375,99.80999755859375,98.08000183105469,98.87000274658203,-0.010107713504803328
2022-11-28,98.20999908447266,99.12999725341797,95.43000030517578,95.69000244140625,-3.2163449143685963
2022-11-29,96.0,96.43000030517578,93.91999816894531,94.69000244140625,-1.045041252467649
2022-11-30,94.94999694824219,97.94000244140625,93.87000274658203,97.87000274658203,3.358327408581019
2022-12-01,97.87000274658203,98.83999633789062,96.58000183105469,98.58999633789062,0.73566319720344
2022-12-02,97.45999908447266,99.69000244140625,97.01000213623047,99.43000030517578,0.8520174444537565
2022-12-05,98.23999786376953,99.16000366210938,95.66999816894531,95.93000030517578,-3.5200643560873157
2022-12-06,95.7300033569336,96.0,91.9800033569336,92.29000091552734,-3.7944327927329824
2022-12-07,92.66000366210938,92.79000091552734,91.26000213623047,92.1500015258789,-0.15169507883804334
2022-12-08,92.5,93.43000030517578,91.66999816894531,92.55000305175781,0.4340765265929747
2022-12-09,92.37000274658203,94.91000366210938,91.9000015258789,93.37999725341797,0.8968062391051301
2022-12-12,93.7300033569336,94.66000366210938,92.61000061035156,94.66000366210938,1.3707501031700486
2022-12-13,96.48999786376953,97.38999938964844,93.56999969482422,94.69999694824219,0.04224940268919841
2022-12-14,94.54000091552734,95.47000122070312,92.62000274658203,94.1500015258789,-0.5807765998808612
2022-12-15,92.47000122070312,93.12000274658203,90.12000274658203,90.48999786376953,-3.8874175281912837
2022-12-16,90.19000244140625,91.08000183105469,88.80999755859375,90.08000183105469,-0.45308436555837606
2022-12-19,89.44000244140625,89.45999908447266,85.41000366210938,85.77999877929688,-4.773537926678195
2022-12-20,86.08000183105469,87.83999633789062,85.76000213623047,87.0199966430664,1.4455559354342284
2022-12-21,87.19000244140625,88.0999984741211,86.4800033569336,86.91999816894531,-0.11491436219109863
2022-12-22,86.02999877929688,86.7300033569336,84.69000244140625,86.66999816894531,-0.287620806795319
2022-12-23,86.05999755859375,88.06999969482422,85.7699966430664,88.01000213623047,1.5460989911100453
2022-12-27,87.41999816894531,87.94000244140625,85.95999908447266,86.37000274658203,-1.8634238721070395
2022-12-28,86.08000183105469,86.69000244140625,84.06999969482422,84.16999816894531,-2.5471859530811214
2022-12-29,85.25,88.23999786376953,84.97000122070312,87.18000030517578,3.5760986119885763
2022-12-30,85.7300033569336,87.12000274658203,85.2300033569336,86.87999725341797,-0.344119122169817
